sex,selection_rate,tpr,fpr
Female,0.08686702346644709,0.5802707930367504,0.02810412347385395
Male,0.26391015824400205,0.6345328491251238,0.09798994974874371
